drift_mode,algorithm,planning_steps,model_mode,half_life,is_oracle,reward_mean,reward_ci95,stale_mean,stale_ci95,model_error_mean,planning_abs_td_mean,q_norm_mean,n_seeds
abrupt,dyna_1_keep_model,1,keep_model,0.0,False,-0.012394724035574498,0.006267618537251086,0.4433598212325299,0.011273764675215956,0.004628397413237241,0.12405012845714998,14.169660617348574,10
abrupt,dyna_1_oracle_flush,1,oracle_flush,0.0,True,-0.017861042980410562,0.0010403623736648924,0.0,0.0,0.0,0.06581870653698985,9.02351999063838,10
abrupt,dyna_1_recency_aging,1,recency_aging,100.0,False,-0.020820438767634723,0.0012613878538905107,8.599275919570478e-53,6.694593082427268e-53,0.0031542562218563573,0.04942013935949423,4.537486864147985,10
abrupt,dyna_1_recency_aging,1,recency_aging,250.0,False,-0.011390750762360725,0.017051269849528598,2.3591202175456734e-46,3.0389297919545715e-46,0.0036458840294556934,0.06605592126045869,6.048383911620203,10
abrupt,dyna_1_recency_aging,1,recency_aging,750.0,False,-0.01930707263590979,0.0008508000108413552,3.589121995587669e-32,7.034666999715751e-32,0.0038490323522805984,0.06685043212309338,6.687711127903644,10
abrupt,dyna_1_recency_aging,1,recency_aging,1500.0,False,-0.018046490015336054,0.0012675517497836473,2.273846000679696e-05,4.4553814816241265e-05,0.0037803524476806875,0.07295913887612797,7.519249419764369,10
abrupt,dyna_1_recency_error_gate,1,recency_error_gate,100.0,False,-0.02005683654283159,0.0012198147353233322,1.56115551796359e-51,2.8842741588303126e-51,0.003629886870616233,0.0485322111133401,4.565614740350861,10
abrupt,dyna_1_recency_error_gate,1,recency_error_gate,250.0,False,-0.019133843211802067,0.001956331921482161,7.052676505077978e-42,1.3822868312432856e-41,0.0038531519480423,0.055528492704205026,5.430196488794104,10
abrupt,dyna_1_recency_error_gate,1,recency_error_gate,750.0,False,-0.01947083292081634,0.0016804900043066277,2.989804468038128e-34,4.843781913089689e-34,0.003595806516325374,0.06900427429230985,6.659423292633375,10
abrupt,dyna_1_recency_error_gate,1,recency_error_gate,1500.0,False,-0.018688296590770436,0.0013335113475485656,5.141771203928673e-05,6.733950509928094e-05,0.003777296057580871,0.07285245470462048,7.474012478914925,10
abrupt,dyna_5_keep_model,5,keep_model,0.0,False,0.09597644842050986,0.0011219394917541387,0.28869084762721764,0.03531915662716247,0.007621992872404197,0.038127258322880754,28.566843061520814,10
abrupt,dyna_5_oracle_flush,5,oracle_flush,0.0,True,0.09666398293033833,0.0010108818026882411,0.0,0.0,0.0,0.014969311013667974,28.572755239846693,10
abrupt,dyna_5_recency_aging,5,recency_aging,100.0,False,0.06373270918774415,0.022609778593727852,5.824751896682202e-53,5.556272056418562e-53,0.004870816001703394,0.04054716406460206,11.41113573052128,10
abrupt,dyna_5_recency_aging,5,recency_aging,250.0,False,0.055739012578527,0.02505358580860553,4.537039127497009e-47,8.884585302643277e-47,0.005218767602973556,0.037943281420337184,10.932117528747163,10
abrupt,dyna_5_recency_aging,5,recency_aging,750.0,False,0.05538980939968395,0.02732855026095155,1.875717250079184e-38,3.594649174545607e-38,0.005730167862138063,0.05041429383723158,11.442439496732888,10
abrupt,dyna_5_recency_aging,5,recency_aging,1500.0,False,0.07244358815510225,0.0233555096037639,1.914849303011284e-05,1.53499407015157e-05,0.0065100319556761505,0.04957183375659806,17.181799808566765,10
abrupt,dyna_5_recency_error_gate,5,recency_error_gate,100.0,False,0.05754588246150686,0.02664718089564324,9.393365724600287e-53,8.353919066295417e-53,0.005094364284658569,0.0357225887760106,11.041245004313657,10
abrupt,dyna_5_recency_error_gate,5,recency_error_gate,250.0,False,0.03883820057815456,0.031737561998903915,2.2173313689571935e-48,3.668237201439204e-48,0.005061396804383017,0.02771936905798044,9.654592436797412,10
abrupt,dyna_5_recency_error_gate,5,recency_error_gate,750.0,False,0.032209456193444855,0.032465757241900796,1.9883728668590087e-39,3.860440373349722e-39,0.006199448470560462,0.03167532409642272,9.959810246757215,10
abrupt,dyna_5_recency_error_gate,5,recency_error_gate,1500.0,False,0.06536603004809823,0.0260936753299661,4.929101107848014e-06,9.661038171362094e-06,0.00673255601039678,0.053514149406058996,16.259348109413356,10
abrupt,dyna_20_keep_model,20,keep_model,0.0,False,0.08095782289798112,0.020682006379103696,0.19132814733176448,0.09597043603486387,0.008396153640866148,0.013919683670370924,24.194654443364602,10
abrupt,dyna_20_oracle_flush,20,oracle_flush,0.0,True,0.09483739676020803,0.0031045488372816506,0.0,0.0,0.0,0.011852448428683621,26.397248239219657,10
abrupt,dyna_20_recency_aging,20,recency_aging,100.0,False,0.09091161190422478,0.008158337841037599,3.819870138057231e-51,7.46017112630905e-51,0.006335826434907692,0.007047911114769758,17.67266315517083,10
abrupt,dyna_20_recency_aging,20,recency_aging,250.0,False,0.09301621444200335,0.004105371590569688,3.223285390150112e-51,3.7315579268687795e-51,0.00723597661492247,0.004806259022241851,19.31100244378292,10
abrupt,dyna_20_recency_aging,20,recency_aging,750.0,False,0.0902691470549501,0.010132554004691416,1.5081740377774616e-06,2.9556933710840144e-06,0.008827993933364468,0.01352811911970899,23.898736405037738,10
abrupt,dyna_20_recency_aging,20,recency_aging,1500.0,False,0.09415782892777255,0.0017116437634824026,0.0003449382624944312,0.00011931696442079513,0.009049997165370976,0.005370031982553931,27.79620497297182,10
abrupt,dyna_20_recency_error_gate,20,recency_error_gate,100.0,False,0.0911800413707983,0.005506594605887233,7.944316035268437e-54,5.244110670033487e-54,0.006443393571170698,0.009527922850450884,17.69936094235498,10
abrupt,dyna_20_recency_error_gate,20,recency_error_gate,250.0,False,0.0912837337349294,0.005388867168790093,3.744194495852002e-49,7.330092674352737e-49,0.007098420590337199,0.005723097521323667,18.980112867813446,10
abrupt,dyna_20_recency_error_gate,20,recency_error_gate,750.0,False,0.09392130811626476,0.003785536478251249,2.1234032350337485e-09,4.160729341558581e-09,0.008875189627629208,0.01009602471788933,25.14004196125743,10
abrupt,dyna_20_recency_error_gate,20,recency_error_gate,1500.0,False,0.0950137979115376,0.0014097046772739345,0.0005572101682402188,0.00029425482893819237,0.009577561242756851,0.00046425301035400333,28.581655523103166,10
gradual,dyna_1_keep_model,1,keep_model,0.0,False,-0.02028324270606564,0.0013508996482052386,0.5945326595100041,0.012688501256286618,0.00910957122575274,0.17042652783197507,18.82686571486567,10
gradual,dyna_1_oracle_flush,1,oracle_flush,0.0,True,-0.0208692791643668,0.0010438743808157897,0.0,0.0,0.0,0.10710410792453069,12.355964701668562,10
gradual,dyna_1_recency_aging,1,recency_aging,100.0,False,-0.023170953586762837,0.0013184373950588652,8.180530258292745e-13,5.681408635213144e-13,0.008069572251706375,0.08146994148738232,8.497787183891258,10
gradual,dyna_1_recency_aging,1,recency_aging,250.0,False,-0.021662741341957347,0.0009557382049972092,1.8495583567128824e-09,2.8646693777285123e-09,0.007455850500338497,0.09641874091040667,10.138134747491488,10
gradual,dyna_1_recency_aging,1,recency_aging,750.0,False,-0.021591068293629515,0.0013477112442667756,0.00011677438677907955,9.328097725648782e-05,0.008673397902357863,0.10904102044042992,10.825251664413205,10
gradual,dyna_1_recency_aging,1,recency_aging,1500.0,False,-0.020486701489267373,0.001035470819060029,0.0014269702585380556,0.0008814208239058649,0.008358830143207985,0.11503490316154452,11.837710237691974,10
gradual,dyna_1_recency_error_gate,1,recency_error_gate,100.0,False,-0.0234611862274232,0.001425533424611843,8.540127479683699e-13,4.586892509711068e-13,0.007988089621666696,0.08344872506065017,8.63408610463345,10
gradual,dyna_1_recency_error_gate,1,recency_error_gate,250.0,False,-0.020944940510427102,0.0007137623751931989,1.135817223919325e-07,2.0972605397597838e-07,0.007655783711462564,0.09796448777116847,10.377773072795836,10
gradual,dyna_1_recency_error_gate,1,recency_error_gate,750.0,False,-0.021495967014469076,0.0009223254433100682,0.00031422890829565044,0.00030296921615198237,0.009301776492853363,0.11045943168477435,10.86746343992249,10
gradual,dyna_1_recency_error_gate,1,recency_error_gate,1500.0,False,-0.02049690401594809,0.0011830282164385475,0.00163076315430586,0.0010293447227025677,0.008254214217819118,0.11732346948825115,11.622112641895173,10
gradual,dyna_5_keep_model,5,keep_model,0.0,False,0.058602658811372145,0.011647589738511434,0.3774630451201476,0.04690796453098872,0.01136566813152207,0.0613183264585067,24.848080286218334,10
gradual,dyna_5_oracle_flush,5,oracle_flush,0.0,True,0.08829263432241459,0.006933140429953469,0.0,0.0,0.0,0.03603629754240028,26.19798793521707,10
gradual,dyna_5_recency_aging,5,recency_aging,100.0,False,-0.011450049426890206,0.009237223175052224,5.372416077460606e-12,4.702973544159767e-12,0.007936050677749138,0.05419689157848386,7.678777209624656,10
gradual,dyna_5_recency_aging,5,recency_aging,250.0,False,0.017303073906980902,0.02337624828742608,2.010745073251651e-07,3.7870688276045395e-07,0.009166984103610032,0.06089099487973152,10.183376976587976,10
gradual,dyna_5_recency_aging,5,recency_aging,750.0,False,-0.009584887644644763,0.011728220841948273,4.244390914164569e-05,4.844775843865696e-05,0.009465060089185703,0.05466609841094473,9.070875561999346,10
gradual,dyna_5_recency_aging,5,recency_aging,1500.0,False,0.0038215885941613494,0.017618611175788897,0.00031710644906348914,0.00019077201966617407,0.011547416902540375,0.060830176208842936,13.448028351129787,10
gradual,dyna_5_recency_error_gate,5,recency_error_gate,100.0,False,0.009724834769688695,0.018907994343296052,2.223015045141334e-12,1.8064456090757913e-12,0.008376028534044237,0.05811227412787893,9.048663751933391,10
gradual,dyna_5_recency_error_gate,5,recency_error_gate,250.0,False,0.00532138788186348,0.023966903689319537,4.830822968492975e-06,9.467951189056838e-06,0.009559538932672185,0.05458095383096347,9.65609378442143,10
gradual,dyna_5_recency_error_gate,5,recency_error_gate,750.0,False,-0.004469861505635137,0.016190862598912704,0.00012130349593333684,0.00010192240090582422,0.009458147444406114,0.05631302012873107,9.243585029886797,10
gradual,dyna_5_recency_error_gate,5,recency_error_gate,1500.0,False,0.018481506515156378,0.02338072293652077,0.0009365457017364474,0.0006375320713144996,0.011869665109273494,0.06116519305108779,14.269640530898403,10
gradual,dyna_20_keep_model,20,keep_model,0.0,False,0.059452354894598027,0.03209769290963852,0.30443877001869674,0.10805128196739254,0.01167587057076885,0.030071815858604578,20.249182526485907,10
gradual,dyna_20_oracle_flush,20,oracle_flush,0.0,True,0.07071099389161424,0.028983452076414194,0.0,0.0,0.0,0.011240573547642206,22.898865428176933,10
gradual,dyna_20_recency_aging,20,recency_aging,100.0,False,0.04483375860538742,0.027980126105860842,7.522186441896149e-11,1.0630694133187863e-10,0.009327080212471417,0.017811379081840772,12.450535604813616,10
gradual,dyna_20_recency_aging,20,recency_aging,250.0,False,0.04341595641277012,0.02006090258985568,2.015621551055528e-07,3.9257981237340547e-07,0.011078338920547472,0.02628727360063506,11.598212099018411,10
gradual,dyna_20_recency_aging,20,recency_aging,750.0,False,0.07203647262241888,0.02919408522184133,0.0012863733656364943,0.0008027357748146228,0.012184778501906971,0.01239307314115802,22.064936081355718,10
gradual,dyna_20_recency_aging,20,recency_aging,1500.0,False,0.09238939530944984,0.004364350769568151,0.018801224553407103,0.0056514188029613876,0.012537633679337575,0.007072854250542185,27.695656736803272,10
gradual,dyna_20_recency_error_gate,20,recency_error_gate,100.0,False,0.03810567746752716,0.017593172685318754,4.0590212973191615e-12,2.4183169819440217e-12,0.009446438705555261,0.022949811251421166,10.82168484239239,10
gradual,dyna_20_recency_error_gate,20,recency_error_gate,250.0,False,0.046463004650945244,0.02427494931560742,1.1780747295115816e-06,2.286172527083954e-06,0.010490551476510363,0.022186047337043737,12.419855434894888,10
gradual,dyna_20_recency_error_gate,20,recency_error_gate,750.0,False,0.07371928907698391,0.02777858280309866,0.0024039641713931954,0.0014360276411835363,0.013200942171466534,0.011856437551443808,21.932131927846452,10
gradual,dyna_20_recency_error_gate,20,recency_error_gate,1500.0,False,0.09535527040783169,0.0014145864916241021,0.02092377366253354,0.004108036327433348,0.012008845851303872,0.005476933313102302,28.172509817725388,10
stochastic,dyna_1_keep_model,1,keep_model,0.0,False,0.004991578106243121,0.004976881985204349,0.59481283660591,0.012972218483955238,0.01726364963402563,0.1371430080706672,16.857858174749275,10
stochastic,dyna_1_oracle_flush,1,oracle_flush,0.0,True,0.012637622620679894,0.005711591202680105,0.0,0.0,0.0,0.08655197295015675,12.906669992860117,10
stochastic,dyna_1_recency_aging,1,recency_aging,100.0,False,0.020367382793644195,0.005003725595925033,0.3528060754091539,0.015063225036197328,0.0127230314766682,0.09307928518194772,10.558507443848306,10
stochastic,dyna_1_recency_aging,1,recency_aging,250.0,False,0.01726927746179212,0.006644622442851564,0.42914267465229283,0.017783114523694073,0.011637317701198111,0.09212849935171633,11.308216693005273,10
stochastic,dyna_1_recency_aging,1,recency_aging,750.0,False,0.019717983674099344,0.007470710445827978,0.4927668958271287,0.015946913330938887,0.013557833417572569,0.08967972306478841,11.790589664151224,10
stochastic,dyna_1_recency_aging,1,recency_aging,1500.0,False,0.02087214529446884,0.006000282258331061,0.5099705761796989,0.015117898184577037,0.013709213881067623,0.08612073133152545,12.161549151890549,10
stochastic,dyna_1_recency_error_gate,1,recency_error_gate,100.0,False,0.01918179333262557,0.006692433739471623,0.3468927622211291,0.013113120337507436,0.012490444007680655,0.08643197465312394,10.075331297276215,10
stochastic,dyna_1_recency_error_gate,1,recency_error_gate,250.0,False,0.019362672915670297,0.006060282563781777,0.4292820068430328,0.008398882324284773,0.011238801631992158,0.08093909805082215,11.077441838781201,10
stochastic,dyna_1_recency_error_gate,1,recency_error_gate,750.0,False,0.01807340737942651,0.006077251421012944,0.4854306771758444,0.015302290003158725,0.013090962905642637,0.08487815363088101,11.344926747583076,10
stochastic,dyna_1_recency_error_gate,1,recency_error_gate,1500.0,False,0.021242536511931247,0.005785383277063033,0.5153103473480787,0.016675958390691168,0.015039676109759637,0.07935453688398568,12.211126502304982,10
stochastic,dyna_5_keep_model,5,keep_model,0.0,False,0.03370132602550936,0.01236917041469231,0.5043120363765946,0.038639832728089234,0.016489357629753055,0.042537669834239,20.46950248268222,10
stochastic,dyna_5_oracle_flush,5,oracle_flush,0.0,True,0.010922056067253988,0.008305225197341537,0.0,0.0,0.0,0.06642893694719575,20.361815047384944,10
stochastic,dyna_5_recency_aging,5,recency_aging,100.0,False,0.008864474137442388,0.0031763143415592075,0.3305386709235071,0.019933241790747385,0.013342664727269086,0.07851245731668549,12.807353399974195,10
stochastic,dyna_5_recency_aging,5,recency_aging,250.0,False,0.010724437119876234,0.0043594541156973116,0.40530083189007005,0.014829592694409562,0.013205091862080517,0.07097653934535139,13.458718375475105,10
stochastic,dyna_5_recency_aging,5,recency_aging,750.0,False,0.013283834525765339,0.0038198264657975534,0.47013810388131505,0.014323970185636933,0.01294847292068092,0.06153796205706474,14.136734017407965,10
stochastic,dyna_5_recency_aging,5,recency_aging,1500.0,False,0.013257247462710387,0.003205797251397325,0.5067217004952271,0.011947036138425125,0.014157494913036686,0.05644765902002389,16.78816040204857,10
stochastic,dyna_5_recency_error_gate,5,recency_error_gate,100.0,False,0.007634935546267851,0.003749336585824964,0.3362616545909822,0.02064967441020427,0.013514091493649707,0.07389378297154672,11.919804036656537,10
stochastic,dyna_5_recency_error_gate,5,recency_error_gate,250.0,False,0.00899208353821475,0.0054581481520525835,0.4054627233319638,0.015807043944321388,0.013298144150837115,0.07060256909989199,12.813424359401008,10
stochastic,dyna_5_recency_error_gate,5,recency_error_gate,750.0,False,0.014460750184643411,0.002491399894620755,0.4657841956658599,0.016509524064563286,0.01338660173823201,0.06070926613541401,13.519809248866077,10
stochastic,dyna_5_recency_error_gate,5,recency_error_gate,1500.0,False,0.014899424312466927,0.004171843063382889,0.49782665958715244,0.0170958020877898,0.013195416204719068,0.05348052183384957,16.436704523261337,10
stochastic,dyna_20_keep_model,20,keep_model,0.0,False,0.02811396917962653,0.012113552206314776,0.5579656472755586,0.04170617441254013,0.013002439106397678,0.026987822833048798,19.735570741750184,10
stochastic,dyna_20_oracle_flush,20,oracle_flush,0.0,True,0.006814362453487174,0.00784980700249346,0.0,0.0,0.0,0.04769342246736814,13.954423663559954,10
stochastic,dyna_20_recency_aging,20,recency_aging,100.0,False,0.0033844161221561696,0.008243371125555237,0.3350893733371918,0.01641618781591763,0.0167687768630525,0.05939740593981957,12.4480407557652,10
stochastic,dyna_20_recency_aging,20,recency_aging,250.0,False,0.002593058441855497,0.0069249713291106105,0.4006675566134431,0.014547716621080788,0.01711453127530404,0.05406905680578892,13.118944616358675,10
stochastic,dyna_20_recency_aging,20,recency_aging,750.0,False,0.012741134160021556,0.0044837892637641374,0.4518315547009871,0.013656851919677875,0.016743268910244205,0.04752596417037414,16.583592841895346,10
stochastic,dyna_20_recency_aging,20,recency_aging,1500.0,False,0.02495225628867964,0.011130694093782319,0.45611608178727375,0.02616117368499421,0.015367287521483624,0.044033248476179496,20.88709848777312,10
stochastic,dyna_20_recency_error_gate,20,recency_error_gate,100.0,False,0.00233466282668074,0.003237181883229985,0.3375658862753559,0.017968295804655202,0.017301153069653023,0.05799059132985346,13.150426042556557,10
stochastic,dyna_20_recency_error_gate,20,recency_error_gate,250.0,False,0.003576990108913482,0.00418072015441078,0.40123361480939745,0.016015844200785567,0.017180422563090818,0.05428273015816609,13.50883087003495,10
stochastic,dyna_20_recency_error_gate,20,recency_error_gate,750.0,False,0.011070991998042134,0.006769929398437785,0.44868345666511134,0.013663162644231569,0.017582362399753856,0.04492631596178335,16.393987754117926,10
stochastic,dyna_20_recency_error_gate,20,recency_error_gate,1500.0,False,0.0226963378591482,0.011779820516568914,0.4555948740265811,0.026858207858875573,0.015883023577465714,0.04457920081546448,19.050011186919253,10
